RMAID,OrderID,Status,Step,Reason,CustomerID
707701,201901,SDJGDUVYIHOJZ0OYMUNORAGYPLUN7UUSU,Complete,Incorrect,1001
707702,201902,GA,Complete,Incorrect,1002
707703,201903,FK2VI2NO4CDFK6M7BCZODTNICM,Complete,Incorrect,1003
707704,201904,HQW3WX6CHP02E604FF76NF5LQ,Complete,Incorrect,1004
707705,201905,J8ES48BYNXNICRDBW1E8L2V74LPI0UV7GOEIA,Complete,Incorrect,1005
707706,201906,SO54,Complete,Incorrect,1006
707707,201907,VJY8UPXCGUXCUFVC1H70X4K5M0URGWD987OS,Complete,Incorrect,1007
707708,201908,SM91J6FEO7D2CCFAMJDER7I3EYVU7OUUEC2,Complete,Incorrect,1008
707709,201909,87L0H,Complete,Defective,1009
707710,201910,K5E2O4UHBIKBGKN,Complete,Incorrect,1010
707711,201911,WDDPPDHDO452MS,Complete,Incorrect,1011
707712,201912,65ZGHA27J3MTNDDIUDDIPUAK2UBW9R,Complete,Defective,1012
707713,201913,E8AGY2VAO23POO44POSVI5JZ1K,Complete,Defective,1013
707714,201914,C3,Complete,Incorrect,1014
707715,201915,KORTQQOB9DXJIL13BKK5WYRUWYS17Q0BLCVQWLEGIVUI4,Complete,Incorrect,1015
707716,201916,ZJXIXY7WOWS5I2HGV,Complete,Incorrect,1016
707717,201917,6CLQJ8CH6RZ1AO7V1,Complete,Incorrect,1017
707718,201918,W,Complete,Incorrect,1018
707719,201919,QTHEVX7SBHPT8EU2PQJ5LPAW6MVQQ0STEOZC2CFLBJ,Complete,Incorrect,1019
707720,201920,U24BNK57D23SLZ,Complete,Defective,1020
707721,201921,PQUL05237LNDGUK07YIKHOP4OA3V3JIULFZUYKMJF,Complete,Incorrect,1021
707722,201922,YO7Y1R4QBCYTZ3AR8TUD12LJUA9BCLLB36UY2MPVDHZ,Complete,Incorrect,1022
707723,201923,JWRI4YZ2HG2O0ODY2W8PS5Y2L73FW1I12Z71D,Complete,Defective,1023
707724,201924,1DK1A5KCUTR4L2HGXTV6REYT9R2UD63J33AT3RH4N4O,Complete,Incorrect,1024
707725,201925,99J6KVXPIPTYJIRLG69,Complete,Other,1025
707726,201926,5R6881IYTAHUHDT90M2I70ELPDEH9K6EHON9EEY3IDY5,Complete,Incorrect,1026
707727,201927,5Q6LRTP6TJZP,Complete,Incorrect,1027
707728,201928,E1F7XW6SEADURDW550E2ZL8ZKRGZYJ1QUOU20ZBU,Complete,Incorrect,1028
707729,201929,0IQ55T9KHGGYE3PQYTLRYDVUHERCNWJ4E,Complete,Incorrect,1029
707730,201930,,Complete,Incorrect,1030
707731,201931,7EZ5U48E2475EQUVSDS5B2ORAEDMU0NG1C64O,Complete,Incorrect,1031
707732,201932,ZYSFIWY77I1P2X34NV5YZ2QVMDINQVMETDKGH,Complete,Incorrect,1032
707733,201933,ON,Complete,Incorrect,1033
707734,201934,FKOQXGIK0QZ73VEYDX6UZ,Complete,Incorrect,1034
707735,201935,MQ5ZQIWZQ7AUT5SCBNVC98B860RBB,Complete,Other,1035
707736,201936,AIWJ63FPG6CJ34WAOQ61EMB9ZTS3WLYBXW96OTB98,Complete,Incorrect,1036
707737,201937,H5SAE8LJHO1EEQ8DIT9M4UL5AI1HFFFTFT24O20MM89QQW7M,Complete,Incorrect,1037
707738,201938,GC89V6UYC3JNLBCVVR9UZG64PU9MX3SNHZ97S5,Complete,Other,1038
707739,201939,X3NVDK2GINAFSL3MLP7EVVGSCM9OJRDUJH2L,Complete,Defective,1039
707740,201940,3C5TQGWW9WN15BAYCBJMEBGNGOOP,Complete,Defective,1040
707741,201941,MQ8N3PRXOKMDA78DOY8LS18ZZ5S0FSMO1NOVHHLCL,Complete,Defective,1041
707742,201942,DXZ1ADAO9IUJKE83LIAGNV7QLQ9EYCDW2D64WPW4RV6Z6,Complete,Incorrect,1042
707743,201943,5YVIM8CH4,Complete,Defective,1043
707744,201944,RBQP844F5HP3IBXTGWIKHQ8SYUTHB7QQMC0A5UEIOBEU8BOZIZ,Complete,Incorrect,1044
707745,201945,KEDYXPUQROIXB144,Complete,Incorrect,1045
707746,201946,A3Z0VME3187TVAYZVACUXSGP8ZP0P6PKP8O3,Complete,Incorrect,1046
707747,201947,4HX0OSTHTC5G0XTC7ZQ3FB3EHLR06MP0U8B,Complete,Incorrect,1047
707748,201948,BJHTCWXME2PUPKFPVLYSOY4Y9ELSFDMSA8MXXE,Complete,Incorrect,1048
707749,201949,O2N2D9HRK4ZXUGF93IGZPXXYBZ,Complete,Defective,1049
707750,201950,LOYRRWP8OYR9ASM3L2UTW70VS40VD76R42IF,Complete,Other,1050
707751,201951,8I8ZLIV9SHFARIOVK39QAG7X461WPIM4G5U5,Complete,Incorrect,1051
707752,201952,9,Complete,Incorrect,1052
707753,201953,1KIYT246UNYFPR8852S341OKY7IPINZH0YWVHDPGJWG2,Complete,Incorrect,1053
707754,201954,GFF9NP3Y55AKY0A7WR4,Complete,Other,1054
707755,201955,9HNRNIL4GX2ZLVCJB60PPQ3PNBMW83309RVQWT77J8MVC0C,Complete,Incorrect,1055
707756,201956,FIP819V0Z8J6U1LF37OSGDS3UWDZ,Complete,Defective,1056
707757,201957,5CHDP8310YW32TVRM3HGQS1J2NCF8DTXZA1Z5S8OMPPPWX1N,Complete,Other,1057
707758,201958,3TYTW0Q5CKJ7T2EKIDIFLN7BOSECRM98LG7J2,Complete,Incorrect,1058
707759,201959,MXW6JLIFFITKEJHYYB3711KZ,Complete,Incorrect,1059
707760,201960,68L7L2O6XP1ZQM2O1AVLH7EVZX5TUQNJNJ9FQJYKSHS45,Complete,Incorrect,1060
707761,201961,3RHMCRFGJ989EH4PXX0O1II4F2QVQ4GCSKL5ICZ8WFHEMDOVQ,Complete,Incorrect,1061
707762,201962,T5R4CFWNQIU0F13FN50YVT904CY0WN7V3K2PDH20P,Complete,Incorrect,1062
707763,201963,J4MZ4F2YRL77K0DH8DGRLRJEJNN17TN1KII3QKNDQ7EW0,Complete,Incorrect,1063
707764,201964,HHN2WSXDX,Complete,Incorrect,1064
707765,201965,CRBL5IYLH7P2067XD9Q0H8O37,Complete,Incorrect,1065
707766,201966,Y8RVITLN4URJBNB4A8XXP3E8NLJOYLO2KFRIU9Z,Complete,Defective,1066
707767,201967,HYE7060Y1QPYO05K32CUFO,Complete,Incorrect,1067
707768,201968,3DBIOAYWO9ZY4RKR03DJ48LI5IAMTDWN1GZ6Q2R,Complete,Incorrect,1068
707769,201969,72B5SQWZ06FW1XM9ZVEANGSHVUU9HBNYDUU0TQOBDY53P,Complete,Incorrect,1069
707770,201970,BQA59V9IGYME,Complete,Defective,1070
707771,201971,CGC27AZQ427UDW7TNU665XVWGX,Complete,Incorrect,1071
707772,201972,FO9CD9OBTUVWLN,Complete,Incorrect,1072
707773,201973,,Complete,Incorrect,1073
707774,201974,CC5B7OW3K05O1RDCS66DLX8G6FHLM96GYGKK4C,Complete,Incorrect,1074
707775,201975,FQ4V558AZ55RY5DBYJHM5IPLA097Z,Complete,Incorrect,1075
707776,201976,M9T43RS5XJGPZGO5FQ2WS496WPDQBUMRZTFTTND,Complete,Defective,1076
707777,201977,JQ7FWE85ISYGWPPJ7HVW4EC4OCYHF,Complete,Incorrect,1077
707778,201978,AQH4UBFK3VWDBFNAP1THC9,Complete,Defective,1078
707779,201979,L5N12N8VPVHURHU3SBQ55QQ7MCSBYPZQB,Complete,Incorrect,1079
707780,201980,JEPFUEM1,Complete,Incorrect,1080
707781,201981,ORSBPDWV3YOQ7Q0PUSVDCJLN8XWQ5MH5I03GD3,Complete,Incorrect,1081
707782,201982,GLYSF2J6INDED3B0C6T875ZUQVMS,Complete,Incorrect,1082
707783,201983,FVIAS2BLA0VLNKU0RCVTETI93RC8N3WPXVNZTFL80ORW8WUOL1,Complete,Defective,1083
707784,201984,3T2FQU08I8,Complete,Incorrect,1084
707785,201985,S,Complete,Incorrect,1085
707786,201986,PXYOHKJ49K3SU0SSQG6PKE9VLYSVDKHIA11TUB2SSB8PPUXNC,Complete,Incorrect,1086
707787,201987,KJBPUC19U95VA7M4QTKL4NTRIHX9KDM1YYFG,Complete,Incorrect,1087
707788,201988,GPWF149UM4IZ7SJ5C,Complete,Incorrect,1088
707789,201989,ZSX4NH4PARNALPXSSGDETLZ76WSOB,Complete,Incorrect,1089
707790,201990,8M4ZRIURPC8OV23PSFH8SCBN7JM23R8N7EO7JRBW7I2QXVSBQ7,Complete,Incorrect,1090
707791,201991,YSSFCO1DKGNG7J3WJVCQKCWVT,Complete,Incorrect,1091
707792,201992,GCZW2OXMGAQPC8ZPXE,Complete,Incorrect,1092
707793,201993,2KLIUMNMZUAM9NGA2797X4OTJS1VMAMCR2,Complete,Other,1093
707794,201994,4NJJKKY3W,Complete,Incorrect,1094
707795,201995,1Z9OY1C9OOH4BAU00MTOZ6V6UJ3I3QSGAQ10II84S3Z29BEF,Complete,Defective,1095
707796,201996,T7JP82RMYJG2TKQD9115DJKBIRUUKLJLKYA24PPLM,Complete,Incorrect,1096
707797,201997,W633GTQ1K1V193D1XLN,Complete,Incorrect,1097
707798,201998,MWKG6BH,Complete,Incorrect,1098
707799,201999,S1BIUY94DGXHXOMCC8UVM6KUXP,Complete,Defective,1099
707800,202000,CMWUU3MRJYON7Q,Complete,Incorrect,1100
707801,202001,G2FV,Complete,Incorrect,1101
707802,202002,0SC1FGFIL,Complete,Incorrect,1102
707803,202003,1LNNAZLCT0VHG821LIE62J91ES4OF,Complete,Defective,1103
707804,202004,MNLMRK0CV8AV9LFHCGMFP297TXY,Complete,Incorrect,1104
707805,202005,9BGADJES5AQGXB20K,Complete,Incorrect,1105
707806,202006,CBMVGT9CY03ACKS4ZSQOP2TUAQ,Complete,Incorrect,1106
707807,202007,5SHAAB62OIHTRADJKMF,Complete,Incorrect,1107
707808,202008,ZG1H09EM604IP8CF4QH64KRHRLKJREQECFX7AH3TQ,Complete,Incorrect,1108
707809,202009,8ZY03G46HR2QZ26AK28RDQ03E0VQ6H4E9FK5PHF9APD2T6,Complete,Incorrect,1109
707810,202010,4TIQ22S4L8MYJUBTQICFZGWP1T,Complete,Defective,1110
707811,202011,ED6AIJZT08KMOO0A0R90KMV34VKKC9VHULMQ,Complete,Incorrect,1111
707812,202012,FRA9WSI,Complete,Defective,1112
707813,202013,EZXK,Complete,Other,1113
707814,202014,1K4AX3QB0RC2ECJSG37ULJ9X5SYV,Complete,Incorrect,1114
707815,202015,RH1BLBFRM8,Complete,Defective,1115
707816,202016,KXON5ZJJ4M76SMVWVRNYVFOC6ZPJQKD3PJA,Complete,Defective,1116
707817,202017,HAYMX1D1B62T91STSGK3SWUDGGF3XRR,Complete,Defective,1117
707818,202018,,Complete,Incorrect,1118
707819,202019,2SU6WX2O,Complete,Incorrect,1119
707820,202020,WEL16020TEJCB7TN5TJ968WLT3BTFC06KG9ORLBSP52DDSJ5RO,Complete,Incorrect,1120
707821,202021,IP0FXAF0YUF4Y3BZHYBLNSSDYML59J6MI99JN,Complete,Defective,1121
707822,202022,5BD0W4CRGWPTH6P9S2N2,Complete,Incorrect,1122
707823,202023,Q45AP2MIF1QTM2IKMTOI4CW8RMLM,Complete,Other,1123
707824,202024,BYFN50T389KCNPK3HPKUZZAV49OLWGKK3POQDSB,Complete,Defective,1124
707825,202025,DQXB7EQMBXZFO3WSC5W0FF6PWNSE,Complete,Incorrect,1125
707826,202026,A50O25J7ZOKWVUNRKOKGEJXLM8MYAVK8EUPY96VSBS,Complete,Other,1126
707827,202027,L17ODOZJUG977,Complete,Incorrect,1127
707828,202028,WDB7W9TV,Complete,Incorrect,1128
707829,202029,XC8HUWIPN2IU3H,Complete,Incorrect,1129
707830,202030,3MTEJAY7Y5Z38DDUZXFTR8N4153ZE81DT242W6BSEI432,Complete,Incorrect,1130
707831,202031,ELWI6MPYDU5TTG65DLIJO84TFDKI3AL7IW,Complete,Incorrect,1131
707832,202032,INNSSU44KFPG6YZ89MMMR0SQ6D6P271T7MY8NQ3QBIYCYR,Complete,Incorrect,1132
707833,202033,D5F1ZTY8,Complete,Incorrect,1133
707834,202034,7YSMW8B4UZ2JC8XJ0BNK8Z5BC509R,Complete,Defective,1134
707835,202035,OHCEY5XTHL,Complete,Defective,1135
707836,202036,BWFO3ZLZJY40WDV,Complete,Incorrect,1136
707837,202037,7FW7GMOCDUAZ5T67H4RNEMZAN7MBSY9WXBM3CKH89TE,Complete,Other,1137
707838,202038,H3RDZ59SS994M8EIQ,Complete,Incorrect,1138
707839,202039,4AF555Q2OM92R,Complete,Incorrect,1139
707840,202040,OPYDTJ7VE03IXQTWVKLWKXY98KOCISE78S,Complete,Other,1140
707841,202041,I8XJTY2IPGRA3UGBYW3,Complete,Incorrect,1141
707842,202042,OT1XRCZX8AJCN64,Complete,Incorrect,1142
707843,202043,VU45L2XJ8T0VRNGUTFEYE2YTLRTSCI6,Complete,Defective,1143
707844,202044,62FN3VD5GK6VJLUIS0D3KI03SFBUYKHGH87F,Complete,Other,1144
707845,202045,6VTDFXGYMS9O6DL576DLNC0K7F7IAI4IH,Complete,Incorrect,1145
707846,202046,BR1II9WUW7JY16S04MV3IDRN06WZEB9CUGILQ,Complete,Other,1146
707847,202047,HLDWPRV71AP74KUIDJNUC,Complete,Incorrect,1147
707848,202048,N7AX526KK7RNOE62F5YAC,Complete,Incorrect,1148
707849,202049,45XXVTIKSZWAF3ROJ2KJH6YMYR6HW6DXTS92M1W786Z,Complete,Incorrect,1149
707850,202050,EJA,Complete,Incorrect,1150
707851,202051,FU64J5Y,Complete,Incorrect,1151
707852,202052,JUYMBE2AEJ1S9,Complete,Incorrect,1152
707853,202053,25SATHES15Q84JDAACSK7DJN84Q0G,Complete,Incorrect,1153
707854,202054,H8LIAIABR,Complete,Incorrect,1154
707855,202055,N2XIVWA4H7YZKXYILZ9H0L38UH,Complete,Incorrect,1155
707856,202056,LIA1DI4IMDORZP2ULSJBMITLBV5Y8D1ZGPW2ZXPEQ,Complete,Incorrect,1156
707857,202057,W307HLN402,Complete,Incorrect,1157
707858,202058,OZGK6KEVO55HH5F7,Complete,Incorrect,1158
707859,202059,DE0O3G,Complete,Incorrect,1159
707860,202060,IP1RUH1I89DMG3B1CDP0X1150DRCTA109OIW152SM0IWT6P6CG,Complete,Incorrect,1160
707861,202061,V7JVUCN4UXOY0NAV7,Complete,Incorrect,1161
707862,202062,SPEH6F7UP3ZC06GCPMHT83UWSJZJI5A5MSEIA3ISCKJ9ATKU8R,Complete,Incorrect,1162
707863,202063,7P6H3THEE10CG5IBL94QI57PW6NA6GPOTETNC9Q988ES,Complete,Incorrect,1163
707864,202064,6B61TN0M8P9Y,Complete,Defective,1164
707865,202065,779BU54DSB2J3380D39N8VUPP,Complete,Defective,1165
707866,202066,YTE6NO,Complete,Incorrect,1166
707867,202067,4V3P2P12A7EXJVC,Complete,Incorrect,1167
707868,202068,8H2ROG73U35TP4BHPDBHHOOD2LO0C53MHVK6CYT1SH06M,Complete,Incorrect,1168
707869,202069,Z6NB8SIQBZQU6ZFE1SGSFQU7W513J36O,Complete,Incorrect,1169
707870,202070,X1EQ4THD7AV,Complete,Defective,1170
707871,202071,VAMOMIP1JNP,Complete,Defective,1171
707872,202072,OOQ9OQOQTOX,Complete,Incorrect,1172
707873,202073,W3WVUTLEJ49HBRJ6P9GLG2L19T8J8VRCCH8,Complete,Incorrect,1173
707874,202074,LKM81Q1KJOAECGH8G3,Complete,Incorrect,1174
707875,202075,MYN6,Complete,Incorrect,1175
707876,202076,6QECE3WOXTZQUKZ8BA09IFJVYHL6LE1CPKGVF7,Complete,Incorrect,1176
707877,202077,B3U,Complete,Incorrect,1177
707878,202078,E045Z5FHI3WTM237DADTM0,Complete,Defective,1178
707879,202079,ZH1U2RM2T,Complete,Incorrect,1179
707880,202080,HTKW2687LXZHU97F52LCSPWA5GBLKQJTRZLTR5U,Complete,Incorrect,1180
707881,202081,9OCQJNB1ZFEXNR98XRAMP5S2PICEBNPWQM45R3SL6POZQM2XH,Complete,Incorrect,1181
707882,202082,45WIJSLIQ765DYGANOTADNKF3PXAAZ09WJQQHJLU,Complete,Incorrect,1182
707883,202083,82XX5LMSWZL0BWB03P005J3MA60ASQ5R5NSD0S,Complete,Incorrect,1183
707884,202084,R7F82QEGDQFAYS3FAFTOS104AO57PM9QTBH0Y8,Complete,Defective,1184
707885,202085,S16JALDDZADBGFRHG7LZKDBTYGKLROYLGORIYTY2ZXE0Z1,Complete,Incorrect,1185
707886,202086,JVCZA,Complete,Incorrect,1186
707887,202087,8Q213GFEIJWQ4H1IEI0SGASGNWDOBI7AU,Complete,Defective,1187
707888,202088,KVTFQO5MICGK9L58ZSVKRG9NNI5IO,Complete,Incorrect,1188
707889,202089,406R4BA099CEDX3IPBF5,Complete,Incorrect,1189
707890,202090,7SRNSCIV6H6I4GBTX56X20,Complete,Incorrect,1190
707891,202091,F6MJ1IO8IXK7NH9VYL,Complete,Defective,1191
707892,202092,LCY4,Complete,Incorrect,1192
707893,202093,H4KUZ1DEH5W3SJE8IGRHODN767HYTDWMC1UTJ8,Complete,Incorrect,1193
707894,202094,3C2NCGFHDGXNBUP6999MRVEZCFKFBE8HR4976SMNK,Complete,Incorrect,1194
707895,202095,F59JLNAUJMZPDL7WAI,Complete,Incorrect,1195
707896,202096,E2RXFWW8HOQKMCELWEL3ORD1Z9YCFXYIRB,Complete,Incorrect,1196
707897,202097,EXAUB1J75BNNT0BR51OBJE3WC84UY,Complete,Incorrect,1197
707898,202098,0UNQMN6P,Complete,Incorrect,1198
707899,202099,5ZEBIT5WTRQOUU5H8QXYXSHLTJ0610RRTR5D0,Complete,Incorrect,1199
707900,202100,WG6NZBVYMVTMKQQMRBOWB2Y6D,Complete,Defective,1200
707901,202101,NABM9GG5TUPTXS4TKX1N1C3MR8ADLG8SYLB371PI9DBJEOU1IZ,Complete,Incorrect,1201
707902,202102,LNFGZDOCAIIPCMNO4Z2ZU04U,Complete,Incorrect,1202
707903,202103,DFF6PDXSBUFWRLC7GMYNNXN41OACHXV,Complete,Incorrect,1203
707904,202104,BGZ38I015YPP4GB1OAT4PVORWIR3MAT6PKT7E6N,Complete,Incorrect,1204
707905,202105,OYJNPZU,Complete,Incorrect,1205
707906,202106,M5WAOADSMV59ND4IM18IK,Complete,Incorrect,1206
707907,202107,05TB0D3Q2A3DF9J85Y5IL3LFRL9C2,Complete,Incorrect,1207
707908,202108,U0TBKYJ99IC2HVE24YQ,Complete,Incorrect,1208
707909,202109,N6A3UJBIGH4MTADOU59OFMAV6MREWDGC7R,Complete,Incorrect,1209
707910,202110,Y8FBJS5426X5B4EJW8WRTKC8CEF7MUZ,Complete,Incorrect,1210
707911,202111,VWO3G498JF9MY1JYITPC5,Complete,Incorrect,1211
707912,202112,TIFRJ14J5KXSZFIFM8PW00G7T7V8H63M5OD70EIOVXV5EKMYG5,Complete,Defective,1212
707913,202113,YH8V21W1DK10JIYDXGTG2YPRX4AFOKD06GRXTZSOHN57E,Complete,Incorrect,1213
707914,202114,38DVLZS1SO0L9I5CULXQ5Y18D0LP5GESC,Complete,Defective,1214
707915,202115,561,Complete,Incorrect,1215
707916,202116,OMDNJJ3LB,Complete,Other,1216
707917,202117,M6YEL,Complete,Defective,1217
707918,202118,X8DXXJME64W2SDZ7VK2LTO2E9O63ALTO67,Complete,Incorrect,1218
707919,202119,7IP84DWHZKI1KILJWWFS52P3,Complete,Defective,1219
707920,202120,JH1MXOJ7UH6SS0M9C25OFGPDF4JVNEOBQDU44WJ,Complete,Other,1220
707921,202121,1B4V5U7JB8KL38373R8ZNFGJS18ZF,Complete,Defective,1221
707922,202122,GA7F2T6PTY1NH7Q0LE8JWDZ7Z130,Complete,Defective,1222
707923,202123,25KN,Complete,Incorrect,1223
707924,202124,BIT85XPG686ZM0SZZHEKERF7K804UOD,Complete,Incorrect,1224
707925,202125,1HTATUVA3F0NRBLSUE,Complete,Defective,1225
707926,202126,KZGSRDD,Complete,Incorrect,1226
707927,202127,9FY49TCU0Y4U5G,Complete,Other,1227
707928,202128,U,Complete,Defective,1228
707929,202129,0KPP0CXW5AH3WR0K6K0,Complete,Incorrect,1229
707930,202130,QWFA97WBJK4MMBKR,Complete,Defective,1230
707931,202131,0I1USWDNAUY62TN2S3C0E0M76IY98RWTAMBGIM6,Complete,Incorrect,1231
707932,202132,2,Complete,Other,1232
707933,202133,SLLJ33,Complete,Incorrect,1233
707934,202134,8NCX18R7JSS38EGLPSA6NJFN8H9Q4,Complete,Incorrect,1234
707935,202135,HJ7,Complete,Incorrect,1235
707936,202136,5XYZNO64UNW6EFQ297U86FIEWHQ,Complete,Incorrect,1236
707937,202137,LKX8UYB5D9VR6VNAXEL0VJK4VXLFT9LKNPHKG9WZC7FAJ,Complete,Incorrect,1237
707938,202138,XCYQE7N4X860SGZNULOPY4EIXARIXWQ0NL7NTBPAZ,Complete,Incorrect,1238
707939,202139,0H3XSNM48HFK5LCQIYIH,Complete,Defective,1239
707940,202140,ZTMC9OGRMFH1HVNW899YDVPP4K25JHVP43M3HTBRYXLM,Complete,Other,1240
707941,202141,PD2NN2HC3V4SW929NDFL,Complete,Incorrect,1241
707942,202142,NL8JUS4MKNK8OZ7NJEY,Complete,Incorrect,1242
707943,202143,D0UC6CG7O2OGZ0E24J,Complete,Defective,1243
707944,202144,LFWII6SGE753K3JJRAV,Complete,Incorrect,1244
707945,202145,WEW14H,Complete,Incorrect,1245
707946,202146,CC2ZR50FAIDHNN65Y17PVBKR7Z45TTP34NH2DCPGIG8D8C,Complete,Other,1246
707947,202147,CZJ2X8,Complete,Other,1247
707948,202148,07VV32FMFI8UD2OIH1VWJ1PZCZZ77MD,Complete,Incorrect,1248
707949,202149,BBV8GVHG8A3WWXBRKJS,Complete,Incorrect,1249
707950,202150,0PPPQR0NG6ZPH8B1BFQU1Q601EC3CV,Complete,Defective,1250
707951,202151,HBPK4PF7CTC790LXI0N4N9LYO9TYDB4Z0UPFUQE9,Complete,Incorrect,1251
707952,202152,7SMHHIVDBZC129IYABJR6H8HPWYTELNTIVCUVAPE5,Complete,Incorrect,1252
707953,202153,CLIPIRTMQLZVQ339H6Y,Complete,Incorrect,1253
707954,202154,NTGM3NPX7U60MVQNGM2QF59IK0LKNDL2OM23UTJLIU508M,Complete,Incorrect,1254
707955,202155,NJFLKD67MFD1084UQDW,Complete,Incorrect,1255
707956,202156,GZXE7KB1FUGF912JM6R0W4FQ0Z5,Complete,Incorrect,1256
707957,202157,ELY412RJE,Complete,Defective,1257
707958,202158,IQ3ETA3FECIBE8ZXPGGPNW7,Complete,Incorrect,1258
707959,202159,BWZLAY5WG8DR2X8,Complete,Incorrect,1259
707960,202160,O5FBHHMZK1JVSNRX3GO6J070ZT60P,Complete,Other,1260
707961,202161,SI8,Complete,Incorrect,1261
707962,202162,GUGXWZ8GMN1P8P1OGFEQPGYJ0FPG3YBE,Complete,Incorrect,1262
707963,202163,M2ZQB7BJHLL1AMLKAG90PHOK8SFN25Q1GLZAACY,Complete,Incorrect,1263
707964,202164,P47R9EU7,Complete,Other,1264
707965,202165,75AG0135IHJZ9T6MNXHA,Complete,Other,1265
707966,202166,C0V1HPMB8R90T8JD1KTM46RRVVP31IU7J6IO4,Complete,Defective,1266
707967,202167,C3Q5KYY8C0992W20BUSN7VRIAFNYBC4VN7V7,Complete,Incorrect,1267
707968,202168,IIFI53EXABJ5MQKFNOBTM9QH,Complete,Incorrect,1268
707969,202169,HSOZ0CPNNXIJKNC45Q,Complete,Incorrect,1269
707970,202170,79C5R53FV73CIW9DOKH7QHDFWEFZTLDSGREPKM,Complete,Incorrect,1270
707971,202171,SIMJH5EWNN9P5RMG7FJM,Complete,Incorrect,1271
707972,202172,A0IBB5M5OT2BLR050YW18QK7GPPPPCHBYDQD9Z06U1QE,Complete,Incorrect,1272
707973,202173,2WQOQIBLAUX0JCXRVX7F6MC,Complete,Defective,1273
707974,202174,UHOBLY224DG,Complete,Incorrect,1274
707975,202175,2AIJ0NVK06,Complete,Defective,1275
707976,202176,6GH3FHAOTSMZ629CZPG8DZ64PM90B,Complete,Incorrect,1276
707977,202177,EWBA71S9R1CZ4XBVPLU4QUETM1A0IDC44S66E,Complete,Incorrect,1277
707978,202178,V5Q3J1LI6,Complete,Defective,1278
707979,202179,DA0I6IGOVX9LMR3K9G45AMDVZRHW0G,Complete,Defective,1279
707980,202180,6BLRGSP1A68Z128DCN0HIG5OIJNUZPO4V9AL6FDMTRCGQ3IIFY,Complete,Other,1280
707981,202181,3B8HSUV3T0LCMGZWE9UZOQQUA8D0,Complete,Other,1281
707982,202182,O,Complete,Incorrect,1282
707983,202183,423G5RE93E3FMW7MVG6L8X,Complete,Defective,1283
707984,202184,Z11T0C5Q2GC2YG5XPEF9TS5KERSI,Complete,Incorrect,1284
707985,202185,91HP5NG8L1,Complete,Defective,1285
707986,202186,5HT922OPSVQJ0G682J2LI4N3PYMZ8TD,Complete,Incorrect,1286
707987,202187,CVZR6VIC5NN1Y95EPRBA,Complete,Incorrect,1287
707988,202188,V3UGQSHIT15FP13FNID4I6BL41U7QKPVFMW2XLNHBHJTSMENGY,Complete,Incorrect,1288
707989,202189,4RVBG48S4GPMJ69IT,Complete,Incorrect,1289
707990,202190,Z0DEH2WECKNSUGEO0OZ2W8UPPXPR5XFTAPQRMCL9CH51H97W,Complete,Defective,1290
707991,202191,PK09Q6D7P0ZL9Y9,Complete,Incorrect,1291
707992,202192,IQA,Complete,Defective,1292
707993,202193,71TPNQ78H9FQIKJU,Complete,Incorrect,1293
707994,202194,O30ZU7N3I1W1SGDQO1S7FXDKFM5Q6LAUTWY4OVO2,Complete,Defective,1294
707995,202195,DFKJE1TPR0A5936L480IZ1LVD2PI3K8D9GQDXYTVL7,Complete,Incorrect,1295
707996,202196,YVJ2304YBCVZV7JORY8FNS6OE0VLB3E5XGU1E,Complete,Defective,1296
707997,202197,GFMWKVB6R7DYUQX6S4ZFP9VQCFC,Complete,Defective,1297
707998,202198,I5BGPLO7KJ9LXPZPP7RZQ6BJOQBQF8UVIC1Y3QWLXXOTBBY,Complete,Incorrect,1298
707999,202199,81HKTTC,Complete,Defective,1299
708000,202200,KO3CSTA1AA2NG7FVEHGTRRVUIFYJ0T3QOHDPJOU3CN1KYMK0P,Complete,Incorrect,1300
708001,202201,2,Complete,Incorrect,1301
708002,202202,I8MK3DHYMBQUUZCVF8QR37D,Complete,Other,1302
708003,202203,STFNCE5MGP44EDYS5F04H46YDFDWDKCPON6F9EZRV,Complete,Incorrect,1303
708004,202204,JRLMZ13S,Complete,Incorrect,1304
708005,202205,VQX137LL9BAPYFZZNEZ8YJHTW,Complete,Incorrect,1305
708006,202206,H5,Complete,Incorrect,1306
708007,202207,V99HHU5KCWD43WKT7PI1ZKK,Complete,Incorrect,1307
708008,202208,2BSII4SMSKP3HOIE0,Complete,Other,1308
708009,202209,FFNPEI8VML5D3,Complete,Other,1309
708010,202210,ZVLBCB9MM9YAK9BVFJMEC8OGI17Z53HQS042ZUE03BDG0Q1T4P,Complete,Incorrect,1310
708011,202211,SL8U57TU7,Complete,Incorrect,1311
708012,202212,RZRFB2SCKCN1NILGEELQOE1MM,Complete,Incorrect,1312
708013,202213,T8WDDFXF1RCBJWMQCI,Complete,Other,1313
708014,202214,WPT5A4I0GPZK7,Complete,Incorrect,1314
708015,202215,5ODUN7LTVD79HQ6M9N808HLFEGSE67A2YWQKOT6P8S,Complete,Incorrect,1315
708016,202216,LKWHD3L8PNT,Complete,Incorrect,1316
708017,202217,S4IZDIE9GTSHUZ9148BPXA0Q,Complete,Incorrect,1317
708018,202218,FM15CX04UNUGJAAY2CP5,Complete,Defective,1318
708019,202219,H8ND0D2FNKJHPOI5CL81HYIFQG6LK9CU7865VE8VOB7WB5U,Complete,Defective,1319
708020,202220,X,Complete,Defective,1320
708021,202221,ZCM003D714PA8JDBL9CHMSO315YQNM3H2NI5AGWYQ3WE9O4SC1,Complete,Incorrect,1321
708022,202222,J0ALUIN7FQF7KXEK05UWCF9HA5,Complete,Defective,1322
708023,202223,HW8QY9CBEEEOPSJQ5NNZHQYJSCY7QNC7BW1D3TA6,Complete,Defective,1323
708024,202224,ME,Complete,Incorrect,1324
708025,202225,RCRXDBXO6NJQI8V5ZTLWMQJ9WHNG1FG0D0O0F232PC7ZU2,Complete,Incorrect,1325
708026,202226,I22QRSTVW13ASDSVFNX75ID4K9W32DZ20ZR33OHSAHNURVH,Complete,Other,1326
708027,202227,MJPKW1ZKLDH23SZST0EL1S19DPXRBX5THMLWTV9CRK8MT7U09,Complete,Defective,1327
708028,202228,PWY1SZRW2VYPM9MJKYIU,Complete,Incorrect,1328
708029,202229,POBNSDWUV3LW2SCGW0LY78RL7J6QSHEWI1PP3GA8JH9,Complete,Incorrect,1329
708030,202230,SD9269DU9UTX90WG,Complete,Incorrect,1330
708031,202231,C2OTPK46K,Complete,Incorrect,1331
708032,202232,NPW0VAA5HWK26JF8KHDVC2ZJMCGM2LWU,Complete,Incorrect,1332
708033,202233,W3S,Complete,Incorrect,1333
708034,202234,EWUVAUC312X0,Complete,Other,1334
708035,202235,NGM10MWOLLJ4GU,Complete,Incorrect,1335
708036,202236,5S27Z17RHBHAN1OJVM,Complete,Defective,1336
708037,202237,LT22YE8AL8WDIIP,Complete,Incorrect,1337
708038,202238,353U0P9QMMD,Complete,Incorrect,1338
708039,202239,BKG6JU5JIJ0DC6UEKWXAGFM1DQNBT50W7QBHT7FKV7N9Q6ZF,Complete,Incorrect,1339
708040,202240,DG63WNPGRA9CF19EQUDEWLD2BUX3HHSCCDSNFY8,Complete,Defective,1340
708041,202241,UDTEP2IMU8CEJBB35R3ILRPBCWW6VSL52HCTZHYK44HUD0ZVZT,Complete,Other,1341
708042,202242,JQUTDAUH9KDAZKN4GOYF57KQVND6UWM3M6HO64W5P6DDFWW,Complete,Incorrect,1342
708043,202243,WRQVIE,Complete,Incorrect,1343
708044,202244,2PL1KNR3EOUMW5EKUYY8YFAE60WXM8ABA,Complete,Incorrect,1344
708045,202245,8CVD37AVY8NFWKGRFQ3IR1CDEHV6W2TVTC3BQQNBXY,Complete,Incorrect,1345
708046,202246,H00HPLEKVKN5QEJFWID1G1JJ55Y2HHB4YCZJS6C2VZPK9,Complete,Defective,1346
708047,202247,0GFIBZRQQKAEW3AMYU3B7YYHNET9KFOJU1W95YUHAXJ,Complete,Other,1347
708048,202248,MTB3SZHGN00WAYD1,Complete,Other,1348
708049,202249,S274Y019E19ZCLR61EMEJIC5PZ,Complete,Incorrect,1349
708050,202250,48B,Complete,Incorrect,1350
708051,202251,HZ0,Complete,Incorrect,1351
708052,202252,E27HA802B4X2DURKS0DJJ76H8AKSP5ZDNQOZIHKOHTX,Complete,Incorrect,1352
708053,202253,EBW485FVA9QAXLL52UWQWFH65Q,Complete,Incorrect,1353
708054,202254,DL54,Complete,Other,1354
708055,202255,6S0QJ01TYXZS2FNNMAECVPQ5JO2ATJQ0C207ZOEWV,Complete,Incorrect,1355
708056,202256,7HYNSQ517RTZD91ZXGQOE67O9S42W1NZNQGP4LHA2KUE68,Complete,Incorrect,1356
708057,202257,1C8UB6UQ3S0WDOSPMNMGBK2XUDELB4YG9L8Q,Complete,Incorrect,1357
708058,202258,CLP2GWKGQL2HGKX668XBCI1CVZBIVHARFGKKX8,Complete,Incorrect,1358
708059,202259,615LG8P1F8PN2ZNJV3FY4C0G1,Complete,Incorrect,1359
708060,202260,U6MF41JSHZFA4KWXBVHXOX4L,Complete,Defective,1360
708061,202261,S5AD7WD7IGDSXFYZ1BJ6IONC226RGV2,Complete,Incorrect,1361
708062,202262,CDC2CZWWJMID5SOLRW,Complete,Defective,1362
708063,202263,SN52L0PXMQB9AQY8BOKVYS7YVJY,Complete,Incorrect,1363
708064,202264,IHXROH0OP3VN6SSSK5WXVS4J,Complete,Incorrect,1364
708065,202265,WT0JTUXVVPENW7KCYT4IAXYAW9H4VOQGOZLC1IC8MWCPTXTBIT,Complete,Incorrect,1365
708066,202266,OFSJ1QG17A47SM,Complete,Incorrect,1366
708067,202267,2OJ1U8N9U1H4OTOORTIDG4U8O4IV7RY,Complete,Incorrect,1367
708068,202268,7VVI1,Complete,Defective,1368
708069,202269,2BKE71MRXUA6YAFG,Complete,Incorrect,1369
708070,202270,0K935L1TS8KKYMW7HM5KM,Complete,Defective,1370
708071,202271,TIFJ1FWHTEISL5TB3HWK629WZ83KWK45D3KQD7KA5K,Complete,Incorrect,1371
708072,202272,J9IQK6JSHOE0H8ULBHZ9H7WC6LFKA,Complete,Other,1372
708073,202273,H0DNJBH1ZB6JPPEM5R8N6MSMR1QGK3,Complete,Incorrect,1373
708074,202274,7VQ,Complete,Defective,1374
708075,202275,MRE30MCEF54WBINNS71VQVTNHQOKXY5AZ2LZGJ8Z8,Complete,Incorrect,1375
708076,202276,L3XXFV9R4TVS21W0O,Complete,Defective,1376
708077,202277,PGCJKNTO30X4G6QPTVL,Complete,Incorrect,1377
708078,202278,LU,Complete,Defective,1378
708079,202279,RUAQ7FFU8C8JHCP6,Complete,Incorrect,1379
708080,202280,U,Complete,Incorrect,1380
708081,202281,AR15RE4VVVQWGO2LNI3TTEHQ8CYZ5IGQOXS0PWII5UVX,Complete,Defective,1381
708082,202282,ZEBR2UOHYKQBBIOPYV3V9M78ZRS4D5W74J5QBXM4,Complete,Defective,1382
708083,202283,GGUEVUDAOQV2EJ1Q87LK6,Complete,Incorrect,1383
708084,202284,ZMGKNGEY1YGBQ98B1PCOLVEE1X37U6RD6PMO,Complete,Incorrect,1384
708085,202285,FM64XYEGRVKCJJ1Y,Complete,Defective,1385
708086,202286,RR7CJY1HY14SZUIKE45ZTZEB48RF3H35,Complete,Incorrect,1386
708087,202287,H0CZ968,Complete,Other,1387
708088,202288,U2IJND2KN4K5WM6G44H,Complete,Other,1388
708089,202289,XBN5I5FJHV8GTNR3XS92WV,Complete,Defective,1389
708090,202290,ZSQD3,Complete,Incorrect,1390
708091,202291,RGW8KR28XWYKRXLVWNUSZ0GW3TMNEOW,Complete,Incorrect,1391
708092,202292,8J7ZG8SQMC6C0VKUIYAFC1RSYYHDRAOISHKLGK12,Complete,Other,1392
708093,202293,E1MVAYBUFK9OQK5RJRQ20583IFQ2EAT1LRWLEL2VIC644WOT,Complete,Defective,1393
708094,202294,F35JVNVKBB2K6VHC0J9SJC6GX36ZVK02,Complete,Defective,1394
708095,202295,S8JAUA7G1XNT0WPDLZRBP3GLKYI9NFV8V,Complete,Incorrect,1395
708096,202296,EJTCJRM2YS0E53YPN3Y6AGDABVGB47785KS35GEJSP,Complete,Incorrect,1396
708097,202297,EC7DPBSFRCI86C51JK3J,Complete,Other,1397
708098,202298,WHV7EWVKM9YYIKVSAZOFKMO,Complete,Other,1398
708099,202299,RGFQPPQ9EDB14MBZN790Y6YS,Complete,Incorrect,1399
708100,202300,MAKZA9E3DM5KGNGRZMFMN1COHMWDRMSPI5IXZHCCRHZ,Complete,Incorrect,1400
708101,202301,2YTB97CAT6GABF56BWNWKH9EO82RI98TZ4NFGDAUC881U05,Complete,Other,1401
708102,202302,H14RMJEQ2KN94TVFYTAQL,Complete,Other,1402
708103,202303,6RAF0C75UCRQG2AL7I9JFPCODHDPPIW1,Complete,Defective,1403
708104,202304,5CLHJRYTLCDODCN6HY5HXBIM3GL59MK6QJO,Complete,Incorrect,1404
708105,202305,09KM9WP03YKRUYZS7R7F2SC,Complete,Incorrect,1405
708106,202306,SJZD74DS6T3D896UFAK9R0D5RTUYQ9JU23ZLJ32TYW8UT,Complete,Incorrect,1406
708107,202307,X6PB6Q64M138PACRD5RA,Complete,Incorrect,1407
708108,202308,ZACWMK0BF24,Complete,Incorrect,1408
708109,202309,QF5OIXKJ8B5W9X2JM5E4H0KIZS3KL5QH33H1M2V,Complete,Defective,1409
708110,202310,HV1SR9H0X9M4B310C6QB6XGV327ORT9DIFEVCJ01675,Complete,Incorrect,1410
708111,202311,PY3HA79UF7TQM7INKAKK6OR8RVGXTF0D443SL,Complete,Defective,1411
708112,202312,UODJOXWCGYXAS1THF8ANN9K,Complete,Incorrect,1412
708113,202313,TN4LW4G6JA5FW2FN6O3A7UZQUS9LMQFJPA36WMJUBVB9Y,Complete,Defective,1413
708114,202314,CR71VGMIJ,Complete,Defective,1414
708115,202315,TZ,Complete,Defective,1415
708116,202316,CG2WLH5UPS40PZR9EXE9H17HNMEXDH1B9SDB,Complete,Incorrect,1416
708117,202317,RI6WKF6FCIS05RD6XKMJ820L5PW602Q3IC3SA4SAJ5V,Complete,Defective,1417
708118,202318,4E4WNK,Complete,Incorrect,1418
708119,202319,XL2AOEV0LLZ9II2TV11OX8DT6CYIUZTEG8OT3DCTUGX6I8,Complete,Incorrect,1419
708120,202320,L8CXHG2SYS,Complete,Defective,1420
708121,202321,W80QDQZ5BLZGBR7V,Complete,Incorrect,1421
708122,202322,N7PTYTAG,Complete,Incorrect,1422
708123,202323,G464F5BUUBUNBKEVBWV,Complete,Incorrect,1423
708124,202324,LR0XOWHWPAG2UP1ZWN7720PDJQBFA0B0J,Complete,Defective,1424
708125,202325,J6C25N0WWEU4XJFD237SI3QA2RD4EHT5A7FK702A50,Complete,Defective,1425
708126,202326,54YWL44V9BTFF3,Complete,Incorrect,1426
708127,202327,919LZRDOU1J8JTTDYNZXHW27NBR7L3GM,Complete,Incorrect,1427
708128,202328,3BQTI6QFA0HCEZYOP1VFT3YY4WGBVWY,Complete,Incorrect,1428
708129,202329,OTV296RQNKTU66372EEB8B0I4F6HEDYQ2HA6R39QB5E8H9BOVK,Complete,Defective,1429
708130,202330,JIYMKAN3IGWCLTA7174MFNL5VRK36UT2IRUV31,Complete,Incorrect,1430
708131,202331,OUMGQ51PNLAFSY6ZE6MLBXFSCFGXDJZNWY3FL,Complete,Incorrect,1431
708132,202332,W31JAUUUSQI,Complete,Incorrect,1432
708133,202333,5RIXQWKVB8V,Complete,Incorrect,1433
708134,202334,O186DFQ6OS2,Complete,Incorrect,1434
708135,202335,HE4UVY57M5GTGY95L5VU,Complete,Incorrect,1435
708136,202336,P6GA14451YYB5I2JIWAFTWKQCZ599PKAJ36,Complete,Incorrect,1436
708137,202337,OYUKLCQUJTEYYBH,Complete,Incorrect,1437
708138,202338,YE7UNZW9TJOE66BMN7W8J4ASPRSGOOQGSLIMMY8,Complete,Incorrect,1438
708139,202339,82N0QAFBSO6UQC1ZD9KR,Complete,Incorrect,1439
708140,202340,XC4TIWTYUZRIZN49EGDGD1D0WC7IOCVWXPBQ,Complete,Incorrect,1440
708141,202341,NBFW7YE4EJXWNUEOVE2PET5UKEKMUHVOCSJVKPIXBY,Complete,Incorrect,1441
708142,202342,2FOR6X230C13S6QZJIHK6LIZ1ERDMBGY2,Complete,Incorrect,1442
708143,202343,UZ2AHKY44EOIP8NWAL4686YRTJTEAYLIDRGOPC6KF2J88AX,Complete,Defective,1443
708144,202344,TN4GEVB,Complete,Incorrect,1444
708145,202345,5SAY1DWHO9NMBA,Complete,Incorrect,1445
708146,202346,KYSJTB218S74AW7098KRWI4PUSUQEPE6Y,Complete,Incorrect,1446
708147,202347,JO1L6XQ9XH843,Complete,Incorrect,1447
708148,202348,9ZIWJUGM496YXKJ8Z47P5S2OOWQVWXOICF2B8MN4MS4V,Complete,Incorrect,1448
708149,202349,KM1PG7XLO77NXKB7644AFIPO24KJU03AXU1XYDMP,Complete,Incorrect,1449
708150,202350,SNBOFPZA1P4VTY6O05CCR5WF8YXYII,Complete,Incorrect,1450
708151,202351,WU2KUBR5XV2UM8QP21C,Complete,Incorrect,1451
708152,202352,12KE6ZWVRHMA6HIT0XOED4UF3MYMBI,Complete,Incorrect,1452
708153,202353,93WUD,Complete,Incorrect,1453
708154,202354,8DYRJQ5Q7KEZ7Z8V2NM5ODV7BR8HIJ,Complete,Other,1454
708155,202355,KD5BBABMFYCCGO1LQ6O1NJM7MDYDRSVDNZELM9DZPX97LDRPWX,Complete,Incorrect,1455
708156,202356,YH3PHJ9VYZVNGAULSB7PNZHNK4IJ7HE7PIHA2VLL4NE7,Complete,Incorrect,1456
708157,202357,F2C2940GHQH3TGT9UIPB3E4P6ZBGRC3G,Complete,Defective,1457
708158,202358,UWAKTFGXL47JU9KC1XWGIJ0DKRXFC6AIH7FFE969UWI1WU5,Complete,Incorrect,1458
708159,202359,TQ7UWKKS76XTOLUM3A25P4EHJZ8NYG38O9EN1XL8Y20LO1RPW4,Complete,Incorrect,1459
708160,202360,CENOGDDADFOB58FSKM0CRASMSP4HHQJNMKVFS4NKFSCZ2CBV1P,Complete,Other,1460
708161,202361,8XCIADH1WMSOD05AM9TRUL1K4U2BOUDD9R6IEO7K2SSF8RL7MX,Complete,Incorrect,1461
708162,202362,TJH33DQOFPIMVSRD725Q9,Complete,Incorrect,1462
708163,202363,7H2IQ95YMGADLOVQVI5HG,Complete,Incorrect,1463
708164,202364,N2TSX94R33E2Y63O4MROJA8CAA1P9RL10CO8KHVC01,Complete,Defective,1464
708165,202365,89WAAAGC7UQC4,Complete,Other,1465
708166,202366,4OSNLJYK6UWM12FJMO1051H15JO3U6BI8RICJ1C88QOH22W22,Complete,Defective,1466
708167,202367,JMFK8A30DUSQWH,Complete,Incorrect,1467
708168,202368,M9ISAEK5XIEGEAWA5O7Y4TFZLUERHNUN9,Complete,Incorrect,1468
708169,202369,M3,Complete,Incorrect,1469
708170,202370,HMI9Y2687T321UJHN2VVOA1,Complete,Incorrect,1470
708171,202371,HE2ZF9SJU92RHBUGDIABINPVFL1IKZNA6TK7J4,Complete,Incorrect,1471
708172,202372,YSP0X1X66O5WXJ8639,Complete,Other,1472
708173,202373,1T5YE,Complete,Incorrect,1473
708174,202374,4J62D1FBBCBLREOVH49QF,Complete,Incorrect,1474
708175,202375,B7V529TN3OMHGB1HPXYNSARG2A4QIPUMVRBOTJ,Complete,Incorrect,1475
708176,202376,G05HH11TH85OIRJR7AQ3C173FMB8O8GJGLTZ9L,Complete,Incorrect,1476
708177,202377,QLWT60OCN2FXX1Q47NHWSX4VQR0B2BKQ1GHQG,Complete,Incorrect,1477
708178,202378,0278Q2SUTZRLEOGR,Complete,Incorrect,1478
708179,202379,7XBEMJSQQUKPFY9D5KZU0UGO,Complete,Incorrect,1479
708180,202380,KMBIREESCZ7T8LDJ5DEJRNPETYT6MWIR7,Complete,Incorrect,1480
708181,202381,BX3MC49TRVO2V6GAH7K,Complete,Other,1481
708182,202382,TNY811K3V5N3NVZGLZR8FBVDUHNFDSUS53CYJ5O6C0ABB0AF,Complete,Incorrect,1482
708183,202383,RKUC2CXJKND5TGKH,Complete,Defective,1483
708184,202384,D1R5IZ98QTPNQVPKQ0T3PVP1NXPKJAYFKZ4,Complete,Defective,1484
708185,202385,F1OCU2AQDR3ZQQKM83B50FV3W8WAJ3IWE2WHZAJTFNRHOA6U,Complete,Incorrect,1485
708186,202386,NRWA2JRS1M4,Complete,Defective,1486
708187,202387,O0EYJL2OBVOQHAWJZTLIXWCZR1O,Complete,Incorrect,1487
708188,202388,0MZZS5H5DBZIAQDS0N6MJEOHJKVAU,Complete,Incorrect,1488
708189,202389,GPANM87QRIG6RX7U64FOZX7QMLS6P3T9M4HNYQ0MK1VZ,Complete,Incorrect,1489
708190,202390,3V22JK35GB23BUJ,Complete,Incorrect,1490
708191,202391,JMIA9ERJF6V8BBAOZ8JIJP4O4UO0NDG2BAISL6YO,Complete,Defective,1491
708192,202392,46345TB2U3W7SYXXJ0P1DV00TWHAQIWTSP9YIKHW,Complete,Incorrect,1492
708193,202393,BYVWSIOM13UT8J77CF074L,Complete,Incorrect,1493
708194,202394,AIQD1VPB4,Complete,Defective,1494
708195,202395,792BMH7TNT2OCCSG4Z5Z628WWCOMQUC14FO8LUFESS0AWX,Complete,Incorrect,1495
708196,202396,JCD4IP4NYFESG46DH2P7D64RJG9I4,Complete,Incorrect,1496
708197,202397,3YV4X1S8RWE2BCXNPDANSKCIF42LLGIYZHDOQQSLG6CK,Complete,Defective,1497
708198,202398,XK1RE0P0AJ0,Complete,Defective,1498
708199,202399,1PNC,Complete,Incorrect,1499
